<?xml version="1.0" encoding="UTF-8" standalone="yes"?>
<addon id="context.firefly" version="1.0.1" name="Firefly - Global Context Menu Items" provider-name="Firefly">
	<requires>
		<import addon="xbmc.python" version="2.23.0" />
	</requires>
	<extension point="kodi.context.item">
		<menu id="kodi.core.main">
			<item library="traktManager.py">
				<label>[B][COLOR red]Firefly[/COLOR][/B] - Trakt Manager</label>
				<visible>
					String.StartsWith(ListItem.path,plugin://plugin.video.firefly/) + String.IsEqual(ListItem.Property(isFirefly_widget),true) +
					[String.IsEqual(ListItem.dbtype,episode) | String.IsEqual(ListItem.dbtype,tvshow) | String.IsEqual(ListItem.dbtype,season) | String.IsEqual(ListItem.dbtype,movie)]
				</visible>
			</item>

			<item library="rescrape.py">
				<label>[B][COLOR red]Firefly[/COLOR][/B] - Rescrape Item</label>
				<visible>
					String.StartsWith(ListItem.path,plugin://plugin.video.firefly/) + String.IsEqual(ListItem.Property(isFirefly_widget),true) +
					[String.IsEqual(ListItem.dbtype,episode) | String.IsEqual(ListItem.dbtype,movie)]
				</visible>
			</item>

			<item library="clearProviders.py">
				<label>[B][COLOR red]Firefly[/COLOR][/B] - Clear Providers</label>
				<visible>
					String.StartsWith(ListItem.path,plugin://plugin.video.firefly/) + String.IsEqual(ListItem.Property(isFirefly_widget),true) +
					[String.IsEqual(ListItem.dbtype,episode) | String.IsEqual(ListItem.dbtype,movie)]
				</visible>
			</item>

<!-- 			<item library="autoPlay.py">
				<label>[B][COLOR red]Firefly[/COLOR][/B] - Auto Play</label>
				<visible>
					String.StartsWith(ListItem.path,plugin://plugin.video.firefly/) + String.IsEqual(ListItem.Property(isFirefly_widget),true) +
					[String.IsEqual(ListItem.dbtype,episode) | String.IsEqual(ListItem.dbtype,movie)]
				</visible>
			</item> -->

<!-- 			<item library="sourceSelect.py">
				<label>[B][COLOR red]Firefly[/COLOR][/B] - Source Select</label>
				<visible>
					String.StartsWith(ListItem.path,plugin://plugin.video.firefly/) + String.IsEqual(ListItem.Property(isFirefly_widget),true) +
					[String.IsEqual(ListItem.dbtype,episode) | String.IsEqual(ListItem.dbtype,movie)]
				</visible>
			</item> -->

			<item library="findSimilar.py">
				<label>[B][COLOR red]Firefly[/COLOR][/B] - Find Similar</label>
				<visible>
					String.StartsWith(ListItem.path,plugin://plugin.video.firefly/) + String.IsEqual(ListItem.Property(isFirefly_widget),true) +
					[String.IsEqual(ListItem.dbtype,tvshow) | String.IsEqual(ListItem.dbtype,movie)]
				</visible>
			</item>

			<item library="browseSeries.py">
				<label>[B][COLOR red]Firefly[/COLOR][/B] - Browse Series</label>
				<visible>
					String.StartsWith(ListItem.path,plugin://plugin.video.firefly/) + String.IsEqual(ListItem.Property(isFirefly_widget),true) +
					[String.IsEqual(ListItem.dbtype,episode) | String.IsEqual(ListItem.dbtype,tvshow)]
				</visible>
			</item>

			<item library="browseEpisodes.py">
				<label>[B][COLOR red]Firefly[/COLOR][/B] - Browse Episodes</label>
				<visible>
					String.StartsWith(ListItem.path,plugin://plugin.video.firefly/) + String.IsEqual(ListItem.Property(isFirefly_widget),true) +
					String.IsEqual(ListItem.dbtype,episode)
				</visible>
			</item> -->

		</menu>
	</extension>
	<extension point="xbmc.addon.metadata">
		<summary lang="en">Firefly - This Addon is currently in beta. Please be aware there may be bugs present</summary>
		<description lang="en">Adds Global Contextual Menu Items for Firefly menu items throughout Kodi
		</description>
		<platform>all</platform>
		<license>GNU GENERAL PUBLIC LICENSE. Version 3, 29 June 2007</license>
		<forum></forum>
		<website></website>
		<source></source>
		<disclaimer lang="en"></disclaimer>
		<assets>
			<icon>icon.png</icon>
			<fanart>fanart.png</fanart>
		</assets>
		<news>
		</news>
	</extension>
</addon>
